{
  "prepare_queue": {
    "installed": [],
    "uninstalled": []
  },
  "config_munge": {
    "files": {
      "res/xml/config.xml": {
        "parents": {
          "/widget": [
            {
              "xml": "<feature name=\"BluetoothSerial\"><param name=\"android-package\" value=\"com.megster.cordova.BluetoothSerial\" /></feature>",
              "count": 1
            },
            {
              "xml": "<feature name=\"ChromeSocketsTcp\"><param name=\"android-package\" value=\"org.chromium.ChromeSocketsTcp\" /></feature>",
              "count": 1
            },
            {
              "xml": "<feature name=\"ChromeSocketsUdp\"><param name=\"android-package\" value=\"org.chromium.ChromeSocketsUdp\" /></feature>",
              "count": 1
            }
          ],
          "/*": [
            {
              "xml": "<feature name=\"Whitelist\"><param name=\"android-package\" value=\"org.apache.cordova.whitelist.WhitelistPlugin\" /><param name=\"onload\" value=\"true\" /></feature>",
              "count": 1
            },
            {
              "xml": "<feature name=\"Serial\"><param name=\"android-package\" value=\"fr.drangies.cordova.serial.Serial\" /></feature>",
              "count": 1
            },
            {
              "xml": "<feature name=\"Device\"><param name=\"android-package\" value=\"org.apache.cordova.device.Device\" /></feature>",
              "count": 1
            },
            {
              "xml": "<feature name=\"UsbHid\"><param name=\"android-package\" value=\"org.vangulik.usb.hid.UsbHid\" /></feature>",
              "count": 1
            },
            {
              "xml": "<feature name=\"Camera\"><param name=\"android-package\" value=\"org.apache.cordova.camera.CameraLauncher\" /></feature>",
              "count": 1
            },
            {
              "xml": "<feature name=\"File\"><param name=\"android-package\" value=\"org.apache.cordova.file.FileUtils\" /><param name=\"onload\" value=\"true\" /></feature>",
              "count": 1
            },
            {
              "xml": "<allow-navigation href=\"cdvfile:*\" />",
              "count": 1
            },
            {
              "xml": "<feature name=\"Battery\"><param name=\"android-package\" value=\"org.apache.cordova.batterystatus.BatteryListener\" /></feature>",
              "count": 1
            },
            {
              "xml": "<feature name=\"Geolocation\"><param name=\"android-package\" value=\"org.apache.cordova.geolocation.Geolocation\" /></feature>",
              "count": 1
            },
            {
              "xml": "<feature name=\"Media\"><param name=\"android-package\" value=\"org.apache.cordova.media.AudioHandler\" /></feature>",
              "count": 1
            },
            {
              "xml": "<feature name=\"Capture\"><param name=\"android-package\" value=\"org.apache.cordova.mediacapture.Capture\" /></feature>",
              "count": 1
            },
            {
              "xml": "<feature name=\"NetworkStatus\"><param name=\"android-package\" value=\"org.apache.cordova.networkinformation.NetworkManager\" /></feature>",
              "count": 1
            },
            {
              "xml": "<feature name=\"CDVOrientation\"><param name=\"android-package\" value=\"cordova.plugins.screenorientation.CDVOrientation\" /></feature>",
              "count": 1
            }
          ]
        }
      },
      "AndroidManifest.xml": {
        "parents": {
          "/manifest": [
            {
              "xml": "<uses-permission android:name=\"android.permission.BLUETOOTH\" />",
              "count": 1
            },
            {
              "xml": "<uses-permission android:name=\"android.permission.BLUETOOTH_ADMIN\" />",
              "count": 1
            },
            {
              "xml": "<uses-permission android:name=\"android.permission.VIBRATE\" />",
              "count": 1
            }
          ],
          "/*": [
            {
              "xml": "<uses-permission android:name=\"android.permission.WRITE_EXTERNAL_STORAGE\" />",
              "count": 4
            },
            {
              "xml": "<uses-permission android:name=\"android.permission.ACCESS_COARSE_LOCATION\" />",
              "count": 1
            },
            {
              "xml": "<uses-permission android:name=\"android.permission.ACCESS_FINE_LOCATION\" />",
              "count": 1
            },
            {
              "xml": "<uses-feature android:name=\"android.hardware.location.gps\" android:required=\"true\" />",
              "count": 1
            },
            {
              "xml": "<uses-permission android:name=\"android.permission.RECORD_AUDIO\" />",
              "count": 2
            },
            {
              "xml": "<uses-permission android:name=\"android.permission.MODIFY_AUDIO_SETTINGS\" />",
              "count": 1
            },
            {
              "xml": "<uses-permission android:name=\"android.permission.READ_PHONE_STATE\" />",
              "count": 1
            },
            {
              "xml": "<uses-permission android:name=\"android.permission.RECORD_VIDEO\" />",
              "count": 1
            },
            {
              "xml": "<uses-permission android:name=\"android.permission.READ_EXTERNAL_STORAGE\" />",
              "count": 1
            },
            {
              "xml": "<uses-permission android:name=\"android.permission.ACCESS_NETWORK_STATE\" />",
              "count": 1
            }
          ],
          "application": [
            {
              "xml": "<provider android:authorities=\"${applicationId}.provider\" android:exported=\"false\" android:grantUriPermissions=\"true\" android:name=\"org.apache.cordova.camera.FileProvider\"><meta-data android:name=\"android.support.FILE_PROVIDER_PATHS\" android:resource=\"@xml/camera_provider_paths\" /></provider>",
              "count": 1
            }
          ]
        }
      },
      "config.xml": {
        "parents": {
          "/*": [
            {
              "xml": "<feature name=\"Webserver\"><param name=\"android-package\" value=\"org.apache.cordova.plugin.Webserver\" /></feature>",
              "count": 1
            }
          ]
        }
      }
    }
  },
  "installed_plugins": {
    "cordova-plugin-bluetooth-serial": {
      "PACKAGE_NAME": "io.cordova.hellocordova"
    },
    "cordova-plugin-whitelist": {
      "PACKAGE_NAME": "io.cordova.hellocordova"
    },
    "cordovarduino": {
      "PACKAGE_NAME": "io.web_manufacture.android.ilab.v3_8"
    },
    "cordova-plugin-device": {
      "PACKAGE_NAME": "io.web_manufacture.android.ilab.v3_8"
    },
    "org.vangulik.usb.hid": {
      "PACKAGE_NAME": "io.web_manufacture.android.ilab.v3_8"
    },
    "cordova-plugin-camera": {
      "ANDROID_SUPPORT_V4_VERSION": "27.+",
      "PACKAGE_NAME": "io.web_manufacture.android.ilab.v3_8"
    },
    "cordova-plugin-file": {
      "PACKAGE_NAME": "io.web_manufacture.android.ilab.v3_8"
    },
    "cordova-plugin-battery-status": {
      "PACKAGE_NAME": "io.web_manufacture.android.ilab.v3_8"
    },
    "cordova-plugin-geolocation": {
      "GPS_REQUIRED": "true",
      "PACKAGE_NAME": "io.web_manufacture.android.ilab.v3_8"
    },
    "cordova-plugin-media": {
      "PACKAGE_NAME": "io.web_manufacture.android.ilab.v3_8"
    },
    "cordova-plugin-media-capture": {
      "PACKAGE_NAME": "io.web_manufacture.android.ilab.v3_8"
    },
    "cordova-plugin-network-information": {
      "PACKAGE_NAME": "io.web_manufacture.android.ilab.v3_8"
    },
    "cordova-plugin-vibration": {
      "PACKAGE_NAME": "io.web_manufacture.android.ilab.v3_8"
    },
    "es6-promise-plugin": {
      "PACKAGE_NAME": "io.web_manufacture.android.ilab.v3_8"
    },
    "cordova-plugin-screen-orientation": {
      "PACKAGE_NAME": "io.web_manufacture.android.ilab.v3_8"
    },
    "cordova-plugin-chrome-apps-common": {
      "PACKAGE_NAME": "io.web_manufacture.android.ilab.v3_8"
    },
    "cordova-plugin-chrome-apps-sockets-tcp": {
      "PACKAGE_NAME": "io.web_manufacture.android.ilab.v3_8"
    },
    "cordova-plugin-chrome-apps-sockets-udp": {
      "PACKAGE_NAME": "io.web_manufacture.android.ilab.v3_8"
    },
    "cordova-plugin-webserver": {
      "PACKAGE_NAME": "io.web_manufacture.android.ilab.v3_8"
    }
  },
  "dependent_plugins": {},
  "modules": [
    {
      "id": "cordova-plugin-bluetooth-serial.bluetoothSerial",
      "file": "plugins/cordova-plugin-bluetooth-serial/www/bluetoothSerial.js",
      "pluginId": "cordova-plugin-bluetooth-serial",
      "clobbers": [
        "window.bluetoothSerial"
      ]
    },
    {
      "id": "cordova-plugin-whitelist.whitelist",
      "file": "plugins/cordova-plugin-whitelist/whitelist.js",
      "pluginId": "cordova-plugin-whitelist",
      "runs": true
    },
    {
      "id": "cordovarduino.Serial",
      "file": "plugins/cordovarduino/www/serial.js",
      "pluginId": "cordovarduino",
      "clobbers": [
        "window.serial"
      ]
    },
    {
      "id": "cordova-plugin-device.device",
      "file": "plugins/cordova-plugin-device/www/device.js",
      "pluginId": "cordova-plugin-device",
      "clobbers": [
        "device"
      ]
    },
    {
      "id": "org.vangulik.usb.hid.UsbHid",
      "file": "plugins/org.vangulik.usb.hid/www/UsbHid.js",
      "pluginId": "org.vangulik.usb.hid",
      "clobbers": [
        "cordova.plugins.UsbHid"
      ]
    },
    {
      "id": "cordova-plugin-camera.Camera",
      "file": "plugins/cordova-plugin-camera/www/CameraConstants.js",
      "pluginId": "cordova-plugin-camera",
      "clobbers": [
        "Camera"
      ]
    },
    {
      "id": "cordova-plugin-camera.CameraPopoverOptions",
      "file": "plugins/cordova-plugin-camera/www/CameraPopoverOptions.js",
      "pluginId": "cordova-plugin-camera",
      "clobbers": [
        "CameraPopoverOptions"
      ]
    },
    {
      "id": "cordova-plugin-camera.camera",
      "file": "plugins/cordova-plugin-camera/www/Camera.js",
      "pluginId": "cordova-plugin-camera",
      "clobbers": [
        "navigator.camera"
      ]
    },
    {
      "id": "cordova-plugin-camera.CameraPopoverHandle",
      "file": "plugins/cordova-plugin-camera/www/CameraPopoverHandle.js",
      "pluginId": "cordova-plugin-camera",
      "clobbers": [
        "CameraPopoverHandle"
      ]
    },
    {
      "id": "cordova-plugin-file.DirectoryEntry",
      "file": "plugins/cordova-plugin-file/www/DirectoryEntry.js",
      "pluginId": "cordova-plugin-file",
      "clobbers": [
        "window.DirectoryEntry"
      ]
    },
    {
      "id": "cordova-plugin-file.DirectoryReader",
      "file": "plugins/cordova-plugin-file/www/DirectoryReader.js",
      "pluginId": "cordova-plugin-file",
      "clobbers": [
        "window.DirectoryReader"
      ]
    },
    {
      "id": "cordova-plugin-file.Entry",
      "file": "plugins/cordova-plugin-file/www/Entry.js",
      "pluginId": "cordova-plugin-file",
      "clobbers": [
        "window.Entry"
      ]
    },
    {
      "id": "cordova-plugin-file.File",
      "file": "plugins/cordova-plugin-file/www/File.js",
      "pluginId": "cordova-plugin-file",
      "clobbers": [
        "window.File"
      ]
    },
    {
      "id": "cordova-plugin-file.FileEntry",
      "file": "plugins/cordova-plugin-file/www/FileEntry.js",
      "pluginId": "cordova-plugin-file",
      "clobbers": [
        "window.FileEntry"
      ]
    },
    {
      "id": "cordova-plugin-file.FileError",
      "file": "plugins/cordova-plugin-file/www/FileError.js",
      "pluginId": "cordova-plugin-file",
      "clobbers": [
        "window.FileError"
      ]
    },
    {
      "id": "cordova-plugin-file.FileReader",
      "file": "plugins/cordova-plugin-file/www/FileReader.js",
      "pluginId": "cordova-plugin-file",
      "clobbers": [
        "window.FileReader"
      ]
    },
    {
      "id": "cordova-plugin-file.FileSystem",
      "file": "plugins/cordova-plugin-file/www/FileSystem.js",
      "pluginId": "cordova-plugin-file",
      "clobbers": [
        "window.FileSystem"
      ]
    },
    {
      "id": "cordova-plugin-file.FileUploadOptions",
      "file": "plugins/cordova-plugin-file/www/FileUploadOptions.js",
      "pluginId": "cordova-plugin-file",
      "clobbers": [
        "window.FileUploadOptions"
      ]
    },
    {
      "id": "cordova-plugin-file.FileUploadResult",
      "file": "plugins/cordova-plugin-file/www/FileUploadResult.js",
      "pluginId": "cordova-plugin-file",
      "clobbers": [
        "window.FileUploadResult"
      ]
    },
    {
      "id": "cordova-plugin-file.FileWriter",
      "file": "plugins/cordova-plugin-file/www/FileWriter.js",
      "pluginId": "cordova-plugin-file",
      "clobbers": [
        "window.FileWriter"
      ]
    },
    {
      "id": "cordova-plugin-file.Flags",
      "file": "plugins/cordova-plugin-file/www/Flags.js",
      "pluginId": "cordova-plugin-file",
      "clobbers": [
        "window.Flags"
      ]
    },
    {
      "id": "cordova-plugin-file.LocalFileSystem",
      "file": "plugins/cordova-plugin-file/www/LocalFileSystem.js",
      "pluginId": "cordova-plugin-file",
      "clobbers": [
        "window.LocalFileSystem"
      ],
      "merges": [
        "window"
      ]
    },
    {
      "id": "cordova-plugin-file.Metadata",
      "file": "plugins/cordova-plugin-file/www/Metadata.js",
      "pluginId": "cordova-plugin-file",
      "clobbers": [
        "window.Metadata"
      ]
    },
    {
      "id": "cordova-plugin-file.ProgressEvent",
      "file": "plugins/cordova-plugin-file/www/ProgressEvent.js",
      "pluginId": "cordova-plugin-file",
      "clobbers": [
        "window.ProgressEvent"
      ]
    },
    {
      "id": "cordova-plugin-file.fileSystems",
      "file": "plugins/cordova-plugin-file/www/fileSystems.js",
      "pluginId": "cordova-plugin-file"
    },
    {
      "id": "cordova-plugin-file.requestFileSystem",
      "file": "plugins/cordova-plugin-file/www/requestFileSystem.js",
      "pluginId": "cordova-plugin-file",
      "clobbers": [
        "window.requestFileSystem"
      ]
    },
    {
      "id": "cordova-plugin-file.resolveLocalFileSystemURI",
      "file": "plugins/cordova-plugin-file/www/resolveLocalFileSystemURI.js",
      "pluginId": "cordova-plugin-file",
      "merges": [
        "window"
      ]
    },
    {
      "id": "cordova-plugin-file.isChrome",
      "file": "plugins/cordova-plugin-file/www/browser/isChrome.js",
      "pluginId": "cordova-plugin-file",
      "runs": true
    },
    {
      "id": "cordova-plugin-file.androidFileSystem",
      "file": "plugins/cordova-plugin-file/www/android/FileSystem.js",
      "pluginId": "cordova-plugin-file",
      "merges": [
        "FileSystem"
      ]
    },
    {
      "id": "cordova-plugin-file.fileSystems-roots",
      "file": "plugins/cordova-plugin-file/www/fileSystems-roots.js",
      "pluginId": "cordova-plugin-file",
      "runs": true
    },
    {
      "id": "cordova-plugin-file.fileSystemPaths",
      "file": "plugins/cordova-plugin-file/www/fileSystemPaths.js",
      "pluginId": "cordova-plugin-file",
      "merges": [
        "cordova"
      ],
      "runs": true
    },
    {
      "id": "cordova-plugin-battery-status.battery",
      "file": "plugins/cordova-plugin-battery-status/www/battery.js",
      "pluginId": "cordova-plugin-battery-status",
      "clobbers": [
        "navigator.battery"
      ]
    },
    {
      "id": "cordova-plugin-geolocation.geolocation",
      "file": "plugins/cordova-plugin-geolocation/www/android/geolocation.js",
      "pluginId": "cordova-plugin-geolocation",
      "clobbers": [
        "navigator.geolocation"
      ]
    },
    {
      "id": "cordova-plugin-geolocation.PositionError",
      "file": "plugins/cordova-plugin-geolocation/www/PositionError.js",
      "pluginId": "cordova-plugin-geolocation",
      "runs": true
    },
    {
      "id": "cordova-plugin-media.MediaError",
      "file": "plugins/cordova-plugin-media/www/MediaError.js",
      "pluginId": "cordova-plugin-media",
      "clobbers": [
        "window.MediaError"
      ]
    },
    {
      "id": "cordova-plugin-media.Media",
      "file": "plugins/cordova-plugin-media/www/Media.js",
      "pluginId": "cordova-plugin-media",
      "clobbers": [
        "window.Media"
      ]
    },
    {
      "id": "cordova-plugin-media-capture.CaptureAudioOptions",
      "file": "plugins/cordova-plugin-media-capture/www/CaptureAudioOptions.js",
      "pluginId": "cordova-plugin-media-capture",
      "clobbers": [
        "CaptureAudioOptions"
      ]
    },
    {
      "id": "cordova-plugin-media-capture.CaptureImageOptions",
      "file": "plugins/cordova-plugin-media-capture/www/CaptureImageOptions.js",
      "pluginId": "cordova-plugin-media-capture",
      "clobbers": [
        "CaptureImageOptions"
      ]
    },
    {
      "id": "cordova-plugin-media-capture.CaptureVideoOptions",
      "file": "plugins/cordova-plugin-media-capture/www/CaptureVideoOptions.js",
      "pluginId": "cordova-plugin-media-capture",
      "clobbers": [
        "CaptureVideoOptions"
      ]
    },
    {
      "id": "cordova-plugin-media-capture.CaptureError",
      "file": "plugins/cordova-plugin-media-capture/www/CaptureError.js",
      "pluginId": "cordova-plugin-media-capture",
      "clobbers": [
        "CaptureError"
      ]
    },
    {
      "id": "cordova-plugin-media-capture.MediaFileData",
      "file": "plugins/cordova-plugin-media-capture/www/MediaFileData.js",
      "pluginId": "cordova-plugin-media-capture",
      "clobbers": [
        "MediaFileData"
      ]
    },
    {
      "id": "cordova-plugin-media-capture.MediaFile",
      "file": "plugins/cordova-plugin-media-capture/www/MediaFile.js",
      "pluginId": "cordova-plugin-media-capture",
      "clobbers": [
        "MediaFile"
      ]
    },
    {
      "id": "cordova-plugin-media-capture.helpers",
      "file": "plugins/cordova-plugin-media-capture/www/helpers.js",
      "pluginId": "cordova-plugin-media-capture",
      "runs": true
    },
    {
      "id": "cordova-plugin-media-capture.capture",
      "file": "plugins/cordova-plugin-media-capture/www/capture.js",
      "pluginId": "cordova-plugin-media-capture",
      "clobbers": [
        "navigator.device.capture"
      ]
    },
    {
      "id": "cordova-plugin-media-capture.init",
      "file": "plugins/cordova-plugin-media-capture/www/android/init.js",
      "pluginId": "cordova-plugin-media-capture",
      "runs": true
    },
    {
      "id": "cordova-plugin-network-information.network",
      "file": "plugins/cordova-plugin-network-information/www/network.js",
      "pluginId": "cordova-plugin-network-information",
      "clobbers": [
        "navigator.connection"
      ]
    },
    {
      "id": "cordova-plugin-network-information.Connection",
      "file": "plugins/cordova-plugin-network-information/www/Connection.js",
      "pluginId": "cordova-plugin-network-information",
      "clobbers": [
        "Connection"
      ]
    },
    {
      "id": "es6-promise-plugin.Promise",
      "file": "plugins/es6-promise-plugin/www/promise.js",
      "pluginId": "es6-promise-plugin",
      "runs": true
    },
    {
      "id": "cordova-plugin-screen-orientation.screenorientation",
      "file": "plugins/cordova-plugin-screen-orientation/www/screenorientation.js",
      "pluginId": "cordova-plugin-screen-orientation",
      "clobbers": [
        "cordova.plugins.screenorientation"
      ]
    },
    {
      "id": "cordova-plugin-chrome-apps-common.events",
      "file": "plugins/cordova-plugin-chrome-apps-common/events.js",
      "pluginId": "cordova-plugin-chrome-apps-common",
      "clobbers": [
        "chrome.Event"
      ]
    },
    {
      "id": "cordova-plugin-chrome-apps-common.errors",
      "file": "plugins/cordova-plugin-chrome-apps-common/errors.js",
      "pluginId": "cordova-plugin-chrome-apps-common"
    },
    {
      "id": "cordova-plugin-chrome-apps-common.stubs",
      "file": "plugins/cordova-plugin-chrome-apps-common/stubs.js",
      "pluginId": "cordova-plugin-chrome-apps-common"
    },
    {
      "id": "cordova-plugin-chrome-apps-common.helpers",
      "file": "plugins/cordova-plugin-chrome-apps-common/helpers.js",
      "pluginId": "cordova-plugin-chrome-apps-common"
    },
    {
      "id": "cordova-plugin-chrome-apps-sockets-tcp.sockets.tcp",
      "file": "plugins/cordova-plugin-chrome-apps-sockets-tcp/sockets.tcp.js",
      "pluginId": "cordova-plugin-chrome-apps-sockets-tcp",
      "clobbers": [
        "chrome.sockets.tcp"
      ]
    },
    {
      "id": "cordova-plugin-chrome-apps-sockets-udp.sockets.udp",
      "file": "plugins/cordova-plugin-chrome-apps-sockets-udp/sockets.udp.js",
      "pluginId": "cordova-plugin-chrome-apps-sockets-udp",
      "clobbers": [
        "chrome.sockets.udp"
      ]
    },
    {
      "id": "cordova-plugin-webserver.webserver",
      "file": "plugins/cordova-plugin-webserver/webserver.js",
      "pluginId": "cordova-plugin-webserver",
      "clobbers": [
        "webserver"
      ]
    }
  ],
  "plugin_metadata": {
    "cordova-plugin-bluetooth-serial": "0.4.5",
    "cordova-plugin-whitelist": "1.2.1",
    "cordovarduino": "0.0.10",
    "cordova-plugin-device": "2.0.3",
    "org.vangulik.usb.hid": "0.0.1",
    "cordova-plugin-camera": "4.1.0",
    "cordova-plugin-file": "6.0.2",
    "cordova-plugin-battery-status": "2.0.3",
    "cordova-plugin-geolocation": "4.1.0",
    "cordova-plugin-media": "5.0.3",
    "cordova-plugin-media-capture": "3.0.3",
    "cordova-plugin-network-information": "3.0.0",
    "cordova-plugin-vibration": "3.1.1",
    "es6-promise-plugin": "4.2.2",
    "cordova-plugin-screen-orientation": "3.0.2",
    "cordova-plugin-chrome-apps-common": "1.0.7",
    "cordova-plugin-chrome-apps-sockets-tcp": "1.3.7",
    "cordova-plugin-chrome-apps-sockets-udp": "1.3.0",
    "cordova-plugin-webserver": "1.1.0"
  }
}
